Sample,Data,PM,Î”m,V_amb,C_pm,110.9758,124.9914,130.0228,139.0071,152.9863,154.9656,168.9812,172.9914,187.0071,187.0071,201.0227,209.0853,138.9707,251.0961,269.0700,311.0442,167.0020,179.0020,180.9812,182.9969,194.9969,197.0125,198.9918,199.0282,210.9919,213.0074,215.0231,224.9711,229.0024,240.9660,241.9976,281.0338,297.0284,231.0696,233.0489,235.0646,247.0646,249.0438,249.0806,251.0595,263.0595,265.0393,265.0752,267.0547,279.0542,281.0700,283.0493,283.0855,295.0490,297.0648,293.1793,303.1272,309.1736,315.1271,317.1428,321.1384,323.1531,333.1013,347.1170,349.1326,211.0364,225.0062,262.0558,265.0391,278.0517,281.0325,325.0524,269.9921,310.0238,389.0140,242.9816,260.0082,273.9874,294.0653,296.0446,310.0602,312.0395,312.0759,324.0394,326.0551,328.0708,342.0500,362.1279,382.1177,257.0139,273.0063,275.0228,320.0021,217.9751,231.0333,287.0243,289.0387
emep_h10_7,01/08/19,10,4.540,632.7,7.17544921631129,3263425,834024,3437141,3071159,1209625,305981,554259,0,0,0,54494,874308,57629,586684,12757,42147,640995,0,0,0,245598,222906,0,104698,84718,39973,0,0,0,0,0,215344,27373,460695,683262,1635500,1394971,116809,1949048,1136793,240572,0,0,159338,604055,421630,89058,185176,84225,74263,7564406,0,6560851,0,0,0,0,0,0,105431,0,0,0,240550,0,215563,0,12125,15876,0,0,31672,0,17078928,949513,450553,165415,370768,237086,191799,216133,286455,0,0,0,0,0,0,0,101029,0,0
emep_h10_9,01/09/19,10,8.370,758.1,11.0406724125649,701684,166345,2194278,1606204,364276,341304,51424,0,0,0,45411,1147024,42264,447037,20464,44797,292670,0,0,0,143418,155299,0,35534,34248,28956,0,0,0,0,0,134371,25420,372170,718472,1639173,1205859,115016,2073308,1139021,170888,0,0,125357,567196,411836,90609,133638,58692,64594,6811070,0,7222635,0,0,0,0,0,0,80274,0,0,0,170691,0,139001,0,13798,10408,0,0,0,0,13450538,1079907,477098,108817,382590,146971,219927,246162,282208,0,0,0,26522,0,0,0,60129,0,0
emep_h10_10,01/10/19,10,5.600,758.5,7.38272021599718,1086033,329073,1838170,1861935,577840,648084,201329,0,0,0,38400,1636145,175999,780129,65669,107353,729855,0,0,0,472368,488821,0,0,164597,0,0,0,0,0,0,342382,91260,1061531,1169846,3418530,2712406,250910,3155001,1532937,407761,0,0,261502,1070554,749355,197514,214874,117809,73640,11192892,0,13252579,0,0,0,0,0,0,108133,0,0,0,406588,0,382853,0,11562,68874,0,0,26953,0,37873373,1933304,1125680,266504,529162,331848,534301,615030,446325,0,0,0,38904,0,0,0,118440,0,0
emep_h10_11,01/11/19,10,10.940,759.9,14.3973321506641,839227,400394,2650308,1435567,888713,733119,297030,119275,0,189248,131795,695579,0,1572827,88709,163407,895286,63815,0,141496,263715,789742,0,233133,259706,109258,0,0,0,0,0,695589,181718,631516,969436,1338479,1694988,645316,1552123,1105265,1000029,441242,1346750,735629,1085198,866573,313978,312046,169658,114476,8986467,0,3913391,0,0,300830,0,0,0,0,0,0,0,706062,0,691982,0,0,39948,0,0,45109,0,48355771,1962825,659014,283900,1127196,274952,537889,573122,444340,0,0,11709,0,0,0,0,160647,0,0
emep_h10_12,01/12/19,10,19.760,764.0,25.8639759056645,18533507,534679,2962230,1990894,2306140,3510771,2350575,89520,224847,392449,1263789,3279675,347327,3176444,239055,311199,1443964,176479,0,705427,984871,1719069,261306,620281,763292,428392,122060,0,84702,0,21791,1016591,338542,1778602,1844631,2594400,3557188,1071404,2810457,2756590,1041239,796600,2683900,1231305,1714136,1303974,578141,104475,255834,179250,1643140,0,6936064,0,0,421067,0,0,0,0,0,0,0,1226408,0,1016591,0,0,28062,0,0,0,0,47386782,3637947,1297676,557628,2125217,311437,1214836,952410,543360,0,0,70664,0,0,0,0,232456,0,0
emep_h10_13,01/13/19,10,20.440,767.2,26.6431345048145,1032808,394853,3182611,37568,2195927,2572845,1677821,61978,182862,332378,332378,2612579,470449,2438207,189264,195874,1276706,16567,0,473514,943372,1040759,139392,412201,585338,263030,72130,0,52872,0,44802,743538,24701,1384002,1676334,1932459,3175312,825085,2257716,2053911,768652,615755,1936806,1211687,1186784,932038,260958,428507,179461,56947,1318270,0,8528946,0,0,316803,0,0,0,0,0,0,0,915855,0,743538,0,0,47072,0,0,0,0,5733949,3766025,947285,500618,2210154,290861,1199305,793772,582390,0,0,31994,0,0,0,0,183249,0,0
emep_h10_14,01/14/19,10,5.470,768.5,7.11810458018152,840813,165961,1863796,1083519,353737,409792,115630,0,43742,0,32195,875720,0,870166,4274,46578,337611,0,0,0,72174,182880,11944,89493,53753,33038,0,0,0,0,0,207231,13198,637474,709531,1366043,1479468,329797,2048660,44421,296574,113429,534416,180353,457368,430956,108239,185765,101899,61739,19577339,0,16818688,0,0,0,0,0,0,105752,0,0,0,233387,0,212851,28935,0,12938,0,0,0,0,22200918,1075084,234944,155672,509290,145590,227062,160659,315583,0,0,0,0,0,0,0,92084,0,0
emep_h10_BL7,,10,,,,108108,52314,2205630,385973,23142,59198,0,0,0,0,25937,3853673,0,1764563,116841,0,0,0,0,0,0,0,0,0,0,0,0,0,0,0,0,0,0,0,115383,103192,202601,49416,0,64422,45085,15692,59673,23687,68787,87887,0,36647,29337,29690,1824628,0,1637061,0,0,0,0,0,0,101987,0,0,0,15681,0,0,23589,0,14067,0,0,0,0,406745,269595,22679,0,39424,65650,0,0,148101,0,0,0,0,0,0,0,11279,0,0
emep_h10_38,02/07/19,10,28.605,766.3,37.3271149748217,840813,255881,3376228,1043427,930935,684646,528571,12813,46982,0,97594,947976,0,603782,17328,98328,495306,72893,0,264842,342366,268387,92855,160754,193360,114094,0,0,15578,0,27510,303320,82082,294505,816562,970951,1028805,471777,1487189,609521,237069,167948,921295,374843,735392,605910,210835,167530,158185,137281,17484748,0,19868708,0,0,0,0,0,0,619374,0,0,0,107952,0,303320,0,14032,40032,0,0,0,0,8206172,2053565,637478,186690,1151864,102005,492625,360593,419710,0,0,0,0,0,0,0,51335,0,0
emep_h10_39,02/08/19,10,30.945,766.9,40.3491844105722,146449,55781,3491375,297784,281629,0,98984,0,0,0,17396,931461,0,24317,20406,23747,190726,23571,0,60482,213011,87695,18321,41342,41839,26552,0,0,0,0,0,96781,18673,262798,614274,537676,837227,205720,1357724,321473,314927,55660,417248,102666,257286,90936,60912,111224,47221,49143,9541492,0,14178534,0,0,0,0,0,0,290637,0,0,0,0,0,96781,0,15760,0,0,0,0,0,9069919,1128037,275903,72922,400085,38299,60558,61130,227317,0,0,0,0,0,0,0,10415,0,0
emep_h10_40,02/09/19,10,8.310,765.9,10.8499520826427,856137,304964,2625436,1329036,534446,208654,0,0,0,0,61253,971111,0,302807,12748,51741,433885,17685,0,93654,133147,189032,0,107422,61763,29533,0,0,0,0,0,194577,30364,304741,696487,989461,976308,229469,1634430,352329,107918,106638,494982,141223,487836,381436,97702,146783,97180,87752,15735923,0,10844473,0,0,0,0,0,0,319553,0,0,0,45022,0,193812,0,14363,26721,0,0,0,0,9378652,988349,465315,153435,361548,161802,223871,205925,275195,0,0,0,0,0,0,0,53732,0,0
emep_h10_41,02/10/19,10,6.520,763.9,8.53464581874347,1971279,657827,1845454,2875140,861624,656308,236338,0,0,0,104371,1301558,0,972768,63032,74064,984156,16054,0,138234,84028,158691,0,196650,144798,80748,0,0,0,0,0,458384,38452,714612,1202818,2102644,1963442,475627,3452294,907278,1395634,149262,835007,205923,1320007,467833,218110,250542,137288,83051,8848949,0,18027702,0,0,0,0,0,0,0,0,0,0,425199,0,442281,74683,0,0,0,0,37115,0,23464138,1615071,1102479,331103,508724,57866,528953,514652,400519,0,0,0,0,0,0,0,101526,0,0
emep_h10_42,02/11/19,10,8.750,764.9,11.4389551985149,85501,655909,1879868,3544724,1110130,1327049,331731,0,0,0,82809,1409365,0,1075940,113690,214109,1331843,57276,0,222488,222667,678031,0,339902,246481,118530,0,0,0,0,0,1027598,68820,719644,1338051,3023295,1479280,627388,3745607,1120612,771482,212632,1213396,232617,2041061,823073,478852,365979,218235,128363,21031666,0,13051602,0,0,0,0,0,0,0,0,0,0,685651,0,1027598,103837,0,0,0,0,0,0,22874370,2349719,1204787,141458,753391,591854,475873,556843,453981,0,0,0,0,0,0,0,132024,0,0
emep_h10_43,02/12/19,10,8.640,765.0,11.294737750308,1379109,468394,2933296,1882790,1251795,729982,359541,0,0,0,28631,1256278,0,646922,113197,175255,981305,74745,0,203913,325677,618257,0,305096,402312,47296,0,0,0,0,0,665707,188844,417450,869389,995364,1138202,440273,1790355,462874,149262,135358,567194,99206,913849,500339,328457,219223,120105,109654,25728919,0,33616461,0,0,0,0,0,0,0,0,0,0,445459,0,664624,24362,0,0,0,0,0,0,14132191,1030957,483358,221405,427588,245531,269643,237779,245447,0,0,0,0,0,0,0,18039,0,0
emep_h10_44,02/13/19,10,14.070,767.2,18.3392009217826,506116,161483,1380903,913058,513163,859800,249119,0,0,0,0,12840,0,0,77517,129704,581209,0,0,0,278393,607223,0,161256,152244,0,0,0,0,0,0,517975,116863,374407,0,0,0,0,0,0,0,0,0,0,734619,548552,228039,241241,115508,91978,8650521,0,5517793,0,0,0,0,0,0,0,0,0,0,471217,0,519283,0,0,0,0,0,0,0,10914830,776402,311968,180458,343055,106160,210437,215156,287515,0,0,0,0,0,0,0,22095,0,0
emep_h10_BL7,,10,,,,108108,52314,2205630,385973,23142,59198,0,0,0,0,25937,3853673,0,1764563,116841,0,0,0,0,0,0,0,0,0,0,0,0,0,0,0,0,0,0,0,115383,103192,202601,49416,0,64422,45085,15692,59673,23687,68787,87887,0,36647,29337,29690,1824628,0,1637061,0,0,0,0,0,0,101987,0,0,0,15681,0,0,23589,0,14067,0,0,0,0,406745,269595,22679,0,39424,65650,0,0,148101,0,0,0,0,0,0,0,11279,0,0
emep_h10_156,06/05/19,10,23.460,787.1,29.8038358781778,587722,0,1598378,1458646,907669,391891,115067,0,15985,161964,182479,1393209,86216,942541,611132,194526,110798,0,0,0,0,1126190,0,173737,178158,173995,210786,0,0,0,0,650132,123239,404092,2293269,9204489,1449121,333151,12140088,3965700,1870654,367767,1485725,1378505,1777494,1517606,281708,277925,713430,599572,41525794,0,140386014,0,0,0,0,0,0,0,0,0,0,975352,0,775799,0,0,0,0,0,0,0,9086864,2211152,407684,349444,0,0,0,0,0,0,0,0,0,0,0,0,0,0,0
emep_h10_157,06/06/19,10,14.910,786.1,18.9661598423685,3334468,0,2091785,1385249,2073690,231968,142783,0,128132,68290,21559,1050759,93518,964752,616355,357992,124462,0,0,0,0,671198,0,336414,431274,173995,178885,0,0,0,0,985542,226876,693570,4008977,9561526,2548565,608923,12623711,4797671,2558652,974453,196627,1777210,2750454,3051127,356722,336427,1080774,1006354,33605614,0,142995360,0,0,0,0,0,0,0,0,0,0,1220462,0,2050607,0,0,0,0,0,0,0,23930106,1393695,715261,170606,0,0,0,0,0,0,0,0,0,0,0,0,0,0,0
emep_h10_158,06/07/19,10,10.940,786.3,13.9129284679625,4098347,0,2776279,1979518,2992941,391962,106636,0,108241,80536,0,1293921,81005,817108,886448,494971,147599,0,0,0,0,803910,0,317085,1311743,103788,1780825,0,0,0,0,2051247,336513,634815,3346347,6596458,2002597,596202,6194386,3993847,1883842,1219326,1997153,2204519,3139260,2744288,611221,999113,1421689,1259265,53644251,0,142259178,0,0,0,0,0,0,0,0,0,0,367791,0,650195,0,0,0,0,0,0,0,16610285,1284822,271561,162892,0,0,0,0,0,0,0,0,0,0,0,0,0,0,0
emep_h10_159,06/08/19,10,14.720,790.5,18.6215734470532,1535295,0,2822338,1348724,2169016,374866,101898,0,148309,256485,387529,1186703,0,0,50736,987293,378686,0,32729,0,244244,1195997,0,497199,850161,198002,0,0,0,0,0,3501353,448524,573553,1238440,9467957,2733817,891261,2461831,8517438,4135546,2206892,3848218,5327627,5448938,18801823,1196542,3193332,3457469,3119575,30272343,0,139443869,0,0,0,0,0,0,0,0,322972,0,0,0,0,0,0,0,0,568574,0,0,29266491,2213976,1173582,593432,659323,276789,1249175,739951,1128772,0,0,0,0,0,0,0,0,0,0
emep_h10_160,06/09/19,10,18.980,791.6,23.9778160984885,1168824,0,2769357,688848,2849235,436988,179203,0,133668,208970,2676539,1478368,0,0,1313299,543224,950553,0,37834,0,197813,1143795,0,387007,1200589,173139,84864,0,0,0,0,2369113,326993,817414,2357495,8162203,2481216,760797,22206537,5664177,3499242,1309707,2582488,3026996,4168427,3269422,659791,1288670,1875025,1704571,49344992,0,162410488,0,0,0,0,0,0,0,0,261761,0,0,0,0,0,0,0,0,503119,0,0,33581865,1782403,1011436,268029,288574,0,774083,313574,778304,0,0,0,0,0,0,0,0,0,0
emep_h10_161,06/10/19,10,21.480,791.7,27.1321746160065,1767744,0,2549101,1366468,4969387,566709,292818,0,178494,203980,498364,1067341,0,0,1442694,720145,1565202,0,52428,0,279115,1294716,0,442826,1982056,118991,0,0,0,0,0,2858942,400253,1834832,1952118,10866837,5078597,1019286,19680247,8371040,4709880,1818022,3132261,4099060,4983739,3866441,923793,2001710,2297635,1982563,40738764,0,145150342,0,0,0,0,0,0,0,0,69553,0,0,0,0,0,0,0,0,344956,0,0,49830091,2758326,583683,740309,342546,638724,1498185,811689,1481323,0,0,0,0,0,0,0,0,0,0
emep_h10_162,06/11/19,10,21.030,787.7,26.6976764261929,2633245,0,2502720,1630226,5811138,1254691,546830,387439,170436,774529,302454,1246583,0,1109479,114380,869396,1481629,71977,62766,431502,306991,8740663,58022,1985112,250895,244551,0,0,0,0,3641339,3641339,575286,379930,868618,3951853,515637,767973,4003914,4199449,879834,1855653,2054292,3500494,3844326,2740932,822639,2109992,1939096,1762028,31119556,0,136931222,0,0,0,0,0,0,0,0,949442,0,1855653,0,3642640,47706,0,0,0,0,0,0,20653815,964200,0,491235,858366,306067,634985,602036,645863,0,0,0,0,0,0,0,0,0,0
emep_h10_BL19,,10,,,,684221,158605,3003285,1355775,378379,696729,122013,0,0,197331,141462,929632,0,1128977,254702,60732,119113,23923,0,51350,0,0,419033,64966,35605,34252,0,0,0,0,147302,147302,25486,1342694,61262,283228,0,0,224987,436871,88954,78469,320191,331167,345462,429473,0,0,151285,0,63410022,0,167470230,0,0,0,0,0,0,0,0,0,0,78478,0,146002,0,0,0,0,0,0,0,815912,334432,0,0,66031,0,47779,0,0,0,0,0,0,0,0,0,0,0,0
emep_h10_187,07/06/19,10,18.610,800.2,23.2578484303141,3015568,515770,2524952,4636127,4664780,1406629,2700227,0,1370196,331963,653984,2982385,155867,1314416,2525797,1324709,1030412,76612,75282,690447,2218795,1777533,303903,1150204,5513342,940479,2366229,0,113056,0,0,4314109,797436,624714,2391152,6799827,2279388,1176907,21579545,5124668,4068105,5775407,2526904,4202971,5364402,4330980,1606285,2201294,3936276,2857508,103655863,0,105121944,0,0,0,0,0,0,0,0,0,0,2161620,0,4315224,0,0,0,0,0,0,0,30659902,1621334,1313503,288807,172222,248114,428134,755892,0,0,0,0,0,0,0,0,0,0,0
emep_h10_188,07/07/19,10,17.930,800.0,22.4116595627665,3243984,655067,2501465,4349582,7872205,1650675,1301130,0,1061306,343611,1729774,3259560,17298,1642294,2444568,2378756,1751002,116174,136024,1183722,1544448,2605782,501132,1574020,10276713,1643813,3493802,0,141273,0,0,7816424,1462805,5816002,1511406,6523357,1845916,1709480,21451122,6227339,4312024,3326076,3410676,6057452,7717836,5716507,2371680,2848360,6228117,4021011,80291538,0,164778520,0,0,0,0,0,0,0,0,0,0,3585000,0,7816424,0,0,0,0,0,0,0,15181683,2163779,1305160,424894,1088752,355517,337220,1064193,0,0,0,0,0,0,0,0,0,0,0
emep_h10_189,07/08/19,10,18.360,799.0,22.9790397614987,3015568,502786,2044574,2925768,8814091,5531683,2700227,0,358994,349636,242542,4672973,260250,1360694,3295708,2361980,2330731,191636,162209,1944858,2218795,3676586,1598911,2344627,13574748,3025611,4947619,0,287500,0,0,9866152,2538281,30579668,2191465,817180,109907,1867188,30105104,8259384,5775407,3924659,3390384,6945809,8606896,4427735,3323370,4578546,7457335,4182591,93330290,0,172611677,0,0,0,0,0,0,0,0,0,0,4307009,0,9866152,0,0,0,0,0,0,0,35497568,5217822,757704,543447,1298970,326481,431646,1204960,0,0,0,0,0,0,0,0,0,0,0
emep_h10_190,07/09/19,10,5.640,362.8,15.5474265425448,1089400,199549,3103564,853840,3352579,1016246,402502,0,236099,72332,66592,1212549,56640,276149,757287,938724,747814,46906,37877,458681,412728,1072278,297169,426193,2126149,572510,872707,0,0,0,0,3028055,681541,685143,3057572,5393092,532181,667707,16278533,3062081,1498958,1304453,1275582,2387481,3527057,1697563,910381,943529,2093660,1089466,33724580,0,118764037,0,0,0,0,0,0,0,190946,1167537,0,1297161,0,3032139,0,0,0,0,0,0,0,25029679,921716,839355,153087,401661,224440,225104,318268,510065,0,0,0,0,0,0,0,0,0,0
emep_h10_191,07/10/19,10,17.520,801.3,21.8657254753174,3692252,16213,2422170,1868896,11350592,5554894,2124823,0,157497,254897,0,1494069,214300,543570,3586624,3624320,2664154,198193,217035,1542663,1720888,2742816,1183391,1731029,12280742,2658739,5116845,0,0,0,0,11628774,2853179,692717,4877294,12230130,1086495,2380909,37723570,9767460,2243544,4584890,4800615,8502100,11450552,6750063,1561331,4299235,8544965,3714002,50238748,0,126469406,0,0,0,0,0,0,0,168419,6256555,0,4584830,0,11628774,0,0,0,0,0,0,0,33885549,4428261,1820894,531366,1642864,580988,1202134,1505225,1030571,0,0,0,0,0,0,0,0,0,0
emep_h10_192,07/11/19,10,21.870,802.5,27.2519968598524,2829725,352456,2756791,1660677,9561287,1696300,831099,0,199836,255499,0,1495463,167338,394370,2260942,2537084,2325075,100577,170333,823114,1226806,1789222,520281,1503980,10427415,2076990,5161536,0,0,0,0,8968100,1660418,847858,2609510,7408172,1016833,2313716,26819678,7830859,1054455,3215978,3238040,7658401,10446043,6835222,2817103,1270935,7221560,3108045,31389885,0,122028618,0,0,0,0,0,0,0,74233,2504416,0,6431976,0,9134152,0,0,0,0,0,0,0,28225409,3205231,1630209,434706,1018544,577789,1109761,1017536,905993,0,0,0,0,0,0,0,0,0,0
emep_h10_193,07/12/19,10,20.170,798.3,25.2651778959131,2129700,263571,2258675,1732519,5160983,1014524,577908,0,402925,300492,1557057,2466099,132790,0,1595430,1383914,1679094,81837,54614,653167,581701,1342427,241117,656849,3011912,746424,984823,0,56081,0,0,5527910,1017664,1556541,1395462,7234209,1821043,1821043,22274257,9738505,422857,2965446,2078941,5298974,6770148,5005757,2106182,2106182,4238288,1884460,17245232,0,120185352,0,0,0,0,0,0,0,212201,945395,0,2965461,0,5527910,0,0,182529,45883,0,0,0,61023758,8101353,0,1007498,0,587213,1321518,1101709,1192903,0,0,0,0,157408,0,0,0,0,0
emep_h10_BL17,,10,,,,804867,734263,3070800,5391623,200842,758512,495609,10462,1906364,0,0,1399096,76377,0,137345,36570,195989,0,0,80179,140733,268155,138792,39192,78858,0,60630,0,114986,0,0,153426,37958,5325520,46475,306445,0,147070,245474,422857,79669,68051,85426,288168,262842,325561,0,167792,142806,172378,56149685,0,146944579,0,0,0,0,0,0,0,0,95790,0,68039,0,152491,0,0,0,0,0,0,0,581665,3250835,0,0,866108,0,0,0,0,0,0,0,0,0,0,0,0,0,0
emep_h10_214,08/02/19,10,22.270,796.4,27.9641074966912,4533497,0,1903580,2216744,14294574,25814932,4166057,0,123345,143372,0,3897843,1421033,551466,3307202,3779674,3505882,239957,230865,2581545,2322102,3045421,2741824,1352348,15180422,4295301,5656996,36269,1086164,0,0,6762880,2729029,468427,1170937,830964,914145,2005723,22805108,6717326,3846683,8603375,10161138,5700310,10549396,7301593,1603275,3678388,7963733,3739606,41633869,0,70712563,0,0,0,0,0,0,0,0,0,0,4287164,0,11103575,0,0,0,0,0,0,0,18776568,3662909,0,0,897151,0,0,0,0,0,0,0,0,0,0,0,0,0,0
emep_h10_215,08/03/19,10,25.120,798.4,31.4628864442804,3441255,0,2504921,1755725,10744888,11942184,2276125,0,112671,128348,0,1543535,604554,494437,295841,2589181,2290399,123558,205562,1386881,1343432,1687953,1383113,1073321,10242020,2623327,3501741,0,509472,0,0,6083832,1959081,611666,1234920,5815525,715824,1491074,13711000,5411834,3378704,6817744,7697003,5537634,42439227,5537634,1096866,3258012,5609721,2570148,54230209,0,129584765,0,0,0,0,0,0,0,0,0,0,3765012,0,8879000,0,0,0,0,0,0,0,32644261,2740035,0,0,865918,0,0,0,0,0,0,0,0,0,0,0,0,0,0
emep_h10_216,08/04/19,10,23.160,800.6,28.9276533877581,5909212,0,2141305,3021018,17564497,42219525,7443578,0,125893,160461,0,3854784,2967812,1017625,4805155,5124405,4238087,285520,352724,4637171,352756,5248016,6824227,2119787,20899066,7367392,9281743,61857,2034754,0,0,9632933,3629696,714524,2976999,9648639,998100,2365435,23989812,9058035,4102908,11569793,12408890,9110054,12762766,5537634,2978305,1700346,10282606,4772375,57599835,0,72775543,0,0,0,0,0,0,0,0,0,0,6172152,0,16838317,0,0,0,0,0,1373197,24848346,34570146,2737035,0,852357,865918,404389,0,1434419,1032518,0,0,0,0,0,0,0,0,0,0
emep_h10_217,08/05/19,10,22.990,798.1,28.8064915472557,3195388,0,2557420,2601271,12794325,11760979,2467038,0,92821,92612,0,997204,566101,0,1851225,2305592,2314965,14786,183980,2922734,1571017,3077731,2596137,850418,10643794,2853069,4989454,0,549458,0,0,3604681,1699268,617972,2005264,3472204,0,1346067,8433178,5742052,1444616,3130269,2314768,5387581,6601715,4786534,2451722,1163805,2701662,2239896,37411533,0,125728030,0,0,0,0,0,0,0,0,3046248,0,3130201,0,3604681,843002,0,0,0,0,325915,0,20747343,1483516,1309333,0,0,0,0,828374,828374,0,0,0,0,0,0,0,0,0,0
emep_h10_218,08/06/19,10,26.910,795.4,33.8319065932613,3425589,0,1866749,3113210,14019261,22128237,4065821,0,300115,204672,0,1099055,2205331,0,2131913,2570539,2947034,18276,261389,1726730,1310000,2383974,2682306,783291,11993668,2738410,3146395,0,801131,0,0,4949182,1929773,739372,1499620,3554716,0,1345693,8266378,5459922,1787909,2945455,2959451,5715745,6356128,3852160,25750128,1571996,4898979,2324176,59533870,0,150149874,0,0,0,0,0,0,0,0,2227899,0,3267995,0,4949182,921569,0,0,0,0,244435,0,21803451,1928114,1419401,0,935653,0,0,646083,835683,0,0,0,0,0,0,0,0,0,0
emep_h10_219,08/07/19,10,20.710,797.2,25.9792717775543,3155143,0,1991810,2868761,8834154,171167259,3194907,0,0,0,0,1858955,1188073,0,1847013,2078392,1815187,177202,148135,1351861,1983117,1675186,1400841,10643794,8432139,2615295,3256715,0,863334,0,0,2993006,1433198,60121,1004696,4674169,0,1200980,8237852,5001466,1352962,2486819,2185751,4367003,4786534,3441998,2594424,2701662,4082025,2197197,44080223,0,120345411,0,0,0,0,0,0,0,0,1783665,0,2490280,0,2993006,809845,0,0,0,0,201808,0,12301358,1739587,1309333,0,56255,0,0,1557928,688936,0,0,0,0,0,0,0,0,0,0
emep_h10_220,08/08/19,10,15.190,799.2,19.0067205461524,2043891,0,1993198,1403161,3554759,10141014,1443606,0,302509,343793,0,2284146,629538,0,1903378,1300135,973556,0,87354,1129012,720930,33782,1951893,175404,2982244,1528371,2848304,0,661709,0,0,3225426,887289,671436,1025055,3848583,0,1153081,11310757,4177147,1151480,1473804,1304234,3035354,4207078,2576661,1661267,2256363,216437,1572828,39175565,0,122816718,0,0,0,0,0,0,0,0,0,0,1473804,0,2158673,0,0,0,0,0,98492,0,17711938,1185996,0,0,0,0,282377,0,0,0,0,0,0,0,0,0,0,0,0
emep_h10_BL19,,10,,,,684221,158605,3003285,1355775,178379,696729,122013,0,197331,0,141462,1129399,236258,0,179436,109718,173488,0,0,94859,333782,135340,175404,32797,297366,95594,115744,0,0,0,0,241250,87834,667487,35313,250233,0,145615,276042,457626,0,92599,244594,307151,308272,274442,0,216437,164335,189195,46178721,0,122816718,0,0,0,0,0,0,0,0,0,0,100742,0,452941,0,0,0,0,0,0,0,681569,121938,0,0,0,0,0,0,0,0,0,0,0,0,0,0,0,0,0
emep_h10_336,12/02/19,10,7.180,770.2,9.32203609887079,1035539,268584,6380969,1634545,827623,470235,278541,0,0,13220,0,1227128,629538,0,1903378,1300135,933635,0,0,0,318557,322780,46027,191511,270223,0,0,0,0,0,0,0,99062,3141325,704413,7360606,3553250,195522,6352711,921192,590656,249016,797282,643133,981445,576684,265956,176164,209069,374438,5061223,0,5930813,0,0,0,0,0,0,0,0,283596,0,249016,0,343581,0,0,74064,0,0,68998,11225,47071851,2986968,1735475,199591,308484,191870,394687,372011,362627,0,0,0,0,0,0,0,48267,0,0
emep_h10_337,12/03/19,10,6.290,769.9,8.16967996674975,693187,326473,4488096,2289552,1039256,720400,207467,0,0,40741,0,1364439,236258,0,179436,109718,499699,0,0,0,345158,511733,0,306684,296678,0,0,0,0,0,0,0,144555,1666168,765803,5123862,1949376,169073,6151331,1363027,494733,343600,1183322,831845,1420942,829508,369897,296224,262411,299610,19939457,0,16416656,0,0,0,0,0,0,0,0,371823,0,343288,0,647779,0,0,101635,0,0,81183,39936,49854504,2095745,1889867,264550,310813,295014,384889,495051,316746,0,0,0,0,0,0,0,52317,0,0
emep_h10_338,12/04/19,10,7.430,771.7,9.62794410349983,285792,112768,1406037,900406,452827,630600,173289,0,0,17151,0,972563,0,527780,78418,85931,477861,0,0,0,166695,225128,0,37757,152204,55754,0,0,0,0,0,399234,23304,831632,422078,1636119,894530,125409,2124005,964296,227941,558627,287948,959297,828044,588630,225154,212842,206843,136178,6891213,0,6381358,0,0,0,0,0,0,0,0,427117,0,227956,0,399234,0,0,966410,0,0,28689,0,27845049,1270183,908069,215337,210465,278588,363883,250079,299985,0,0,0,0,0,0,0,25556,0,0
emep_h10_339,12/05/19,10,10.130,769.6,13.162955570802,3906006,685429,4633234,2595619,1848849,1225620,747025,0,0,0,31530,1443765,0,751758,150915,237057,1021098,0,0,0,303958,667576,105733,342658,383104,204853,86939,0,37132,0,0,965438,257684,1781598,644092,4581059,1887442,227407,3986064,2487262,451326,968244,564442,1563847,1249102,684017,502930,197540,358506,273666,26831290,0,17602965,0,0,0,0,0,0,0,0,572954,0,451326,0,966410,0,0,96841,0,0,98346,0,54637828,2731621,1681534,335650,485019,564564,420727,649891,518521,0,0,0,0,0,0,0,38596,0,0
emep_h10_340,12/06/19,10,9.420,766.3,12.2928677877276,14879270,2311836,5880392,6861200,3062835,1691524,1239011,0,0,0,58517,2118428,0,1561901,177022,427323,2125756,0,0,0,481317,1381082,179727,621153,888567,308633,116304,0,56988,0,0,1526519,434868,3928363,1282835,9334493,3964991,382683,5045496,3780641,697115,1802747,935831,2533776,2035086,1286463,872525,342546,506176,446222,18350396,0,22763384,0,0,0,0,0,0,0,0,1214624,0,697115,0,1525723,0,0,165691,0,0,100351,0,61910018,5527210,3114286,598054,714140,571810,603921,1056276,836170,0,0,0,0,0,0,0,144653,0,0
emep_h10_341,12/07/19,10,8.890,768.9,11.5621520949734,6978750,1966983,2991643,8878775,1916635,1650099,480096,0,0,0,104017,3284992,0,1600313,283356,399408,3042584,0,0,0,458146,1560481,0,409698,327282,135235,0,0,0,0,0,1584637,333090,2025388,827120,5347131,2296352,370372,4800534,1308151,1196341,709588,1794781,1040735,2789304,1202266,711025,505387,469563,468361,9208317,0,8134757,0,0,0,0,0,0,0,0,822180,0,709588,1605864,0,0,0,169315,0,0,141496,0,58201796,2598295,858532,611579,622723,551795,624402,980577,699472,0,0,0,0,0,0,0,129425,0,0
emep_h10_342,12/08/19,10,9.390,771.2,12.1750878771653,1877053,769670,3843942,3907244,2100046,1542384,424947,0,0,0,29202,1487975,0,473477,399408,491256,1991215,0,0,0,509717,1607556,0,467156,273983,0,0,0,0,0,53116,1991674,428963,712327,660649,2703293,1413530,303563,2821881,1046727,586585,832981,1074967,1118987,2543313,979446,847971,452645,628534,525604,28252769,0,19096802,0,0,0,0,0,0,0,0,1080891,0,832822,1970675,0,0,0,136542,0,0,139947,0,20885877,1660922,568120,450853,322793,625050,705997,590778,511532,0,0,0,0,0,0,0,128546,0,0
emep_h10_BL11,,10,,,,157607,107553,3253903,972705,129011,400809,49427,0,0,0,50239,1157051,191561,0,31582,10002,39688,0,0,0,101230,0,12138,15499,60773,43449,0,0,0,0,0,37547,0,47306,180680,266530,182544,56517,174210,110859,74402,726350,26350,185143,96513,150800,17495,91919,10933,40769,19241286,28356,19344322,0,60332,240397,0,0,0,126896,0,0,0,26332,0,28538,0,24453,0,0,0,0,0,1012580,423699,18955,0,29273,37349,38581,0,97701,0,0,0,0,0,0,0,0,0,0
emep_l2.5_7,01/08/19,2.5,0.254,45.8,5.54222125245514,413600,115989,723064,547671,233230,904597,221616,0,0,0,0,480321,148094,162443,62706,105782,194442,0,0,0,0,0,126871,44236,97479,0,0,0,0,0,0,0,0,94007,120691,149513,199749,43486,33920,220274,65820,38539,0,184878,146111,226461,0,0,70691,47561,35174995,0,11866430,0,0,0,0,0,0,0,0,0,0,150010,0,0,0,0,0,0,0,0,0,2304959,195901,128338,43909,74736,28755,72789,55083,80480,0,0,0,0,0,0,0,0,0,0
emep_l2.5_9,01/09/19,2.5,0.404,55.1,7.33079295953541,933768,305439,1099377,1193439,408311,254915,113911,0,105650,0,51696,1860718,187840,1405641,314295,167403,416079,592823,0,307089,84393,0,106743,174545,170189,0,0,0,0,0,22745,669976,30257,319633,636462,1465591,381643,446504,930715,1354652,717979,464858,1510369,1027326,1439028,1292269,280243,417734,354308,258064,4646294,86986,12854429,84955,0,0,0,0,0,0,0,0,0,465135,0,463744,23649,41401,78838,0,234326,0,0,9100142,686119,561212,339645,568020,153184,374880,491657,734144,0,0,33917,22303,84117,0,0,115626,56034,31857
emep_l2.5_10,01/10/19,2.5,0.273,55.1,4.95283018867918,717860,323849,1160542,1076686,378132,358864,156481,0,48700,29552,0,1508518,70614,669977,149274,54703,260807,413552,0,140401,44538,0,41312,74255,71740,0,0,0,0,0,0,309966,154698,267431,408020,1452660,509109,245240,973738,834489,477002,181048,765960,365760,648997,659810,98575,248977,174087,128962,20301440,95128,3874845,49026,0,0,0,0,0,0,0,0,0,181162,0,194746,21085,38511,101795,0,568951,0,0,10297126,434444,316092,188523,175434,112532,160689,243196,203114,0,0,12691,30495,69498,0,0,92117,23105,15446
emep_l2.5_11,01/11/19,2.5,0.130,55.1,2.35849056603765,676665,460635,1094875,1260082,778015,911126,360883,73693,120954,74287,0,1954154,158086,1405641,314295,167403,416079,592823,11854,307089,84393,383166,106743,174545,170189,124581,37168,0,35381,0,0,456122,154698,319633,377406,1465591,239091,446504,930725,3068336,717979,464858,374921,1327326,363939,1292269,280243,417735,218192,258064,464294,0,3298573,0,0,0,0,0,0,0,0,0,0,465135,0,463744,0,41401,78838,0,234326,0,0,9100042,686119,561212,339645,222992,153184,374880,491657,7341414,0,0,0,22303,84117,0,0,115626,56034,84104
emep_l2.5_12,01/12/19,2.5,0.789,55.1,14.3142235123365,599225,575326,1107372,1638981,943502,1227142,535957,153266,199344,137440,0,2351279,176170,2545278,225750,288084,553778,644858,45126,559717,217994,957720,163382,391636,42884,193256,64802,0,46939,0,13081,667469,200604,521390,551228,2313540,392061,652297,1838802,2826137,969937,638601,2197829,1655939,2033653,2070436,435391,790071,435329,436628,10779074,0,11111236,0,0,0,0,0,0,0,0,0,0,638601,0,664629,0,36343,14965,0,160643,0,0,17634349,882906,930658,399297,440042,182066,662572,706597,1044453,0,0,0,0,101898,0,0,228481,107378,84104
emep_l2.5_13,01/13/19,2.5,0.695,55.1,12.6111413536567,400116,134344,1145091,420769,674104,1732921,473854,79710,144558,0,76718,1616358,255652,721237,111383,124492,251958,620206,41109,257241,178372,117999,205927,176668,312971,173799,158232,0,122470,0,27926,327143,129956,237485,305417,1841675,184236,345053,1236700,1285206,632721,374921,954850,563699,772839,801021,167616,218191,259417,218254,4941389,0,3391793,0,0,0,0,0,0,0,0,0,0,374921,0,329832,0,43333,18252,0,0,0,0,17634349,408446,446793,132658,48030,106531,189373,165776,365849,0,0,0,0,66837,0,0,53940,13747,30608
emep_l2.5_14,01/14/19,2.5,0.285,55.1,5.17053701016011,226618,185756,1119374,609706,200216,143397,76499,0,76718,0,33064,1777195,0,1086624,258573,37987,132513,600876,0,0,46057,0,0,12558,0,0,605058,0,0,0,0,110147,0,183264,113076,1480514,200041,181393,577321,764675,299796,131800,575952,276373,407155,521867,82948,271216,125375,124718,9115237,123707,6605720,58930,0,0,1306122,452560,1134027,0,323540,292906,0,131800,0,119598,0,41052,37932,0,397343,0,0,7863040,286997,206296,80341,144431,51524,75770,49163,279792,0,0,0,25229,26946,22593,0,22682,22594,0
emep_l2.5_BL1,,2.5,,,,64254,0,1142224,0,0,0,0,0,86468,0,11713,1379309,0,732941,68343,0,34411,527930,0,0,0,0,0,0,0,0,56527,0,0,0,0,0,0,0,96892,20328,95430,69608,177592,158202,108976,0,81190,32271,75162,180986,0,0,47303,49731,14851774,72754,13306050,44477,0,0,1149495,526432,1117002,0,61368,126078,0,0,0,0,0,39590,40412,0,730857,0,0,470572,124079,0,0,0,24939,0,0,55051,0,0,0,25147,16537,13355,0,24361,13355,0
emep_l2.5_38,02/07/19,2.5,0.986,55.1,17.8882438316404,153064,135458,1033066,444931,291713,243898,112431,37562,104394,0,78186,1906008,0,656916,157053,51351,179739,722460,0,0,0,0,76976,0,0,0,0,0,0,0,14040,0,53309,264491,426403,1355156,248041,196163,601485,801009,378528,164908,785381,385848,553397,623901,104912,233333,138377,123967,11318079,0,5764017,109847,0,0,0,591258,1072603,0,434733,201125,0,164908,0,147600,0,42198,64878,0,558616,0,0,4983601,560482,344231,190107,200509,108921,161160,237582,389442,0,0,0,14579,63404,0,0,35505,30257,0
emep_l2.5_39,02/08/19,2.5,0.869,55.1,15.7684630738523,58426,15563,1009460,134947,97604,43484,13009,0,75002,0,0,1464736,0,912077,85569,13483,137832,711738,0,0,0,0,16822,0,0,0,0,0,0,0,0,0,24974,187990,426403,733812,147523,121158,328113,440159,191528,54496,91255,139919,201738,286149,25348,203499,539123,72111,7598977,0,6047779,108108,0,0,0,545396,1136269,0,228259,132563,0,54742,0,60003,0,38509,24450,0,6228,0,0,5374312,292694,98690,52323,79408,39845,48066,19282,186821,0,0,0,26962,41382,0,0,39484,16509,0
emep_l2.5_40,02/09/19,2.5,0.329,55.1,5.96987842496839,319371,134497,1070533,458587,190718,115127,48732,0,32370,0,0,1555570,0,1144126,22826,19257,150486,738057,0,0,0,0,0,0,0,0,0,0,0,0,0,0,0,176412,225484,1066774,224922,138349,483844,378728,229955,79309,369784,171356,292766,380200,40851,189563,81154,865453,44253036,0,19192320,105217,0,0,0,494412,1153759,0,236138,139081,0,79309,0,27899,0,31146,28111,0,151432,0,0,3395892,279015,201995,60500,29333,78730,3318446,95631,184010,0,0,0,13841,53444,0,0,32299,27872,18553
emep_l2.5_41,02/10/19,2.5,0.382,55.1,6.93033381712636,1264824,469780,1064196,1188541,481706,342504,1326756,348121,38348,0,38903,1597691,104360,2057274,3381,53645,264154,1563127,0,175330,167101,0,42391,78819,156072,0,0,0,0,0,0,140951,34289,353042,535730,1632117,932554,361503,907579,532277,951962,137061,712491,325764,707824,604826,35233,271742,141971,101495,20810199,0,4048751,84559,0,0,0,38603,10683,98437,204891,0,0,137061,0,140951,19689,33641,72262,0,298980,0,0,6125437,750697,507634,217067,86896,318920,197406,273637,320200,0,0,0,37827,42887,0,0,61829,0,22030
emep_l2.5_42,02/11/19,2.5,0.464,55.1,8.41799709724236,1255460,610266,1028712,1468183,739414,739578,260281,0,0,0,39590,1841446,216648,191716,3884,43103,319580,1630403,9844,289793,309322,0,109338,140393,306723,0,0,0,0,0,0,385546,38544,307969,699011,1987900,1191126,496246,895037,672621,1254178,258386,905371,588546,1108135,757882,114043,391073,240342,178738,35671634,0,15492022,84767,0,0,0,125811,21542,116662,145497,0,0,258386,0,397145,23778,34130,92054,0,221169,0,0,5559054,951869,550179,286317,299634,345044,297813,389456,394778,0,0,0,26400,66800,0,0,51030,0,26016
emep_l2.5_45,02/12/19,2.5,0.402,55.1,7.29317851959338,387405,268688,902974,699145,373183,2907122,454715,0,0,0,0,490696,453683,315663,0,102748,322502,0,0,281725,214787,238912,151972,80949,228045,122880,36538,39647,17666,0,18688,0,156844,225931,148013,191147,370228,22500,55682,228126,147715,20698,147221,373501,179182,85489,0,10082,20590,0,27844954,0,8738116,0,0,0,0,0,0,0,0,500409,0,155393,0,0,0,0,0,0,0,0,0,3674737,127342,196715,70337,107489,52456,186743,63831,0,0,0,0,0,0,0,0,0,0,0
emep_l2.5_44,02/13/19,2.5,0.729,55.1,13.2256894049344,501599,289641,1008703,756651,524447,956727,34121,93754,102109,0,65146,1918536,229203,2279103,3850,118190,208119,1564654,27504,293234,312510,0,100512,1653780,299938,0,0,0,0,0,0,322671,110042,307969,505961,1198505,762081,441226,474655,565435,876609,246725,932944,592824,722995,835492,64823,325351,218373,192691,18923076,0,3583597,85012,0,0,0,89089,37988,72835,149976,0,0,247134,0,322671,53867,34678,31723,0,354539,0,0,5333099,711857,279915,186244,246034,115042,164985,186904,326492,0,0,0,0,62687,0,0,64248,0,31861
emep_l2.5_BL2,,2.5,,,,0,0,1165021,0,0,24931,0,0,0,0,0,1084477,0,1506818,41864,17599,0,0,0,0,0,0,0,0,0,0,21320,0,0,0,0,0,0,0,154915,0,59516,68504,0,0,0,0,0,49535,90316,193426,0,118271,42897,51475,27234307,0,10360572,122820,0,7395,35667,20390,3065,0,0,0,0,26454,0,1481,20010,48489,20759,0,782205,0,0,521466,328464,12262,0,0,32745,1210222,0,52428,0,0,0,0,22296,0,0,21142,0,7222
emep_l2.5_156,06/05/19,2.5,0.545,55.1,9.88931228452215,78040,0,934126,0,221299,550850,81301,0,24540,0,0,1113106,68392,1627694,139268,20840,0,0,0,98234,121762,119574,38992,77915,189281,60283,62250,0,0,0,0,77512,16406,77747,46340,1097382,237831,99681,1135154,314702,450916,19440,245641,144780,225138,306840,43142,209230,67006,70756,13620088,92555,3812990,87740,106949,228316,643895,49239,97791,86143,196419,520134,0,72590,0,53145,10445,32601,40854,0,207081,0,0,1656558,421515,34588,0,40574,60505,26257,10183,148744,0,0,0,15395,48885,0,0,26910,31980,0
emep_l2.5_157,06/06/19,2.5,0.493,55.1,8.9424995465263,572939,68259,954110,261240,384078,754383,119048,0,49988,0,14120,1191517,131777,1306985,99427,13622,0,0,0,145079,239410,188599,60167,111675,299990,97776,114359,0,0,0,0,61586,25343,85224,31665,1126656,310248,127497,1752193,14928,576858,38121,170419,171561,300415,439196,39367,248257,89360,75826,22959770,103436,6588947,74109,79737,215527,676027,45445,131229,132227,192720,539686,20316,64852,0,118722,17276,29097,45522,0,0,0,0,1761305,479274,61139,0,49382,60255,44343,24004,146058,0,0,0,15811,65239,0,0,50693,16081,0
emep_l2.5_158,06/07/19,2.5,0.386,55.1,7.00163250498813,548698,321433,982409,624384,652750,1340257,221490,0,0,0,10213,12135832,191296,1440205,114532,33863,0,0,0,222221,216034,251763,138444,189197,747230,150319,210260,0,0,0,0,216453,60115,120645,97656,829312,327732,142118,1293425,292459,504702,39091,312399,196211,328646,434413,75974,247123,128133,75987,10484282,34998,2707964,70261,68055,187685,631282,43441,142324,155177,168565,538680,13163,80894,0,193303,15650,27340,53633,0,127568,0,0,2114120,450531,107811,0,79829,81749,12156,25714,158350,0,0,0,0,59075,0,0,26656,10457,0
emep_l2.5_159,06/08/19,2.5,0.678,55.1,12.3004354136429,478430,155501,920428,420572,889726,2613506,353672,0,75438,0,13458,1772489,162206,1627694,193628,71689,0,0,0,454032,371511,487812,307588,306606,1220448,350562,528598,0,0,0,0,569888,120587,115116,75843,1130923,392627,201298,2262036,579766,664596,100352,510107,598231,742647,920166,290171,431539,239727,226594,18745351,66674,6151413,72329,64347,253494,691073,188114,227609,115262,206030,294991,0,192074,0,621843,24136,28661,48959,0,74954,0,0,3224087,568541,165149,0,94258,99658,58556,66667,280341,0,0,0,0,68823,0,0,27253,0,0
emep_l2.5_160,06/09/19,2.5,0.814,55.1,14.7677793904208,253070,54713,889531,197595,688110,2165645,291036,0,0,0,0,1890630,248946,1713048,124020,50134,0,0,0,252222,316897,348944,252950,246690,886614,179679,240375,0,0,0,0,405041,91978,106739,29801,944682,377488,159316,1549917,204862,558067,47901,426795,292768,429760,534249,155372,299826,138339,134337,13630938,56522,5576066,61853,88933,225879,598566,126151,214001,176606,233529,590006,0,134735,0,390066,21536,27713,42699,0,251434,0,0,2351535,466942,88780,0,100692,73407,32758,26783,216171,0,0,0,14962,62866,0,0,26918,0,0
emep_l2.5_161,06/10/19,2.5,1.004,55.1,18.2115000906946,299618,116207,914129,280794,822877,2295018,313671,0,13458,0,0,1448921,236721,1412908,79679,31367,0,0,0,243458,314199,300997,228758,210467,1020997,88804,180508,0,0,0,0,236856,84481,178287,179520,973896,430871,141491,1381999,215918,578319,56668,346490,170059,363026,446514,111429,255593,105430,108202,14629324,62607,3835808,78720,76163,200655,491993,109390,136616,93800,176883,644815,0,149326,0,259333,21749,27262,51235,0,41566,0,0,3502234,476909,153975,0,61967,105199,44922,21389,221819,0,0,0,0,85273,0,0,30209,15010,0
emep_l2.5_162,06/11/19,2.5,1.179,55.1,21.38969521045,451755,154252,918860,0,1210541,4009995,484360,0,0,0,0,1101104,432991,1626955,62308,254130,0,0,54095,407554,332490,0,341922,254202,1491192,302281,327225,23130,162745,0,0,488062,27322,56966,279024,537310,197704,0,1173545,0,362039,0,0,338381,350181,358479,0,274998,235855,139123,19059636,0,4048295,63022,0,0,548571,0,134202,0,0,737160,0,0,0,376873,0,25741,48896,0,0,0,0,1788711,363592,135612,0,81091,116872,60914,0,231355,0,0,0,0,52276,0,0,9072,14247,0
emep_l2.5_BL6,,2.5,,,,0,0,1019128,0,32072,0,0,0,0,0,5272,1391528,1602884,0,0,18835,0,43868,0,0,0,0,0,0,0,0,24868,0,0,0,0,11484,1850,9449,0,0,114127,61734,58665,224661,105996,0,0,0,83661,157247,0,147550,32179,17204,19728334,0,2880165,96489,0,192467,350725,15534,0,129848,0,0,0,0,0,11484,22552,0,22514,0,0,0,0,537020,308811,0,0,16751,50261,398205,0,77570,0,0,0,19060,0,0,0,0,0,0
emep_l2.5_187,07/06/19,2.5,0.673,55.2,12.2008701957941,297652,199399,786019,266400,907823,9715933,349273,34609,478145,0,61282,2177861,186505,2335449,119680,246497,178831,40061,37995,361272,398645,648625,449775,329022,1367086,469307,1051237,0,427023,0,0,442362,202640,89965,409763,409763,285353,148646,1009287,501308,587979,73826,538091,184176,300476,452238,249748,222995,133620,117695,11516238,0,19808967,58351,0,117758,1495454,0,342283,864509,257286,575495,0,73820,0,469147,0,26603,0,0,0,72192,0,1639040,335937,0,0,0,53330,88257,0,106521,0,0,0,0,87379,0,0,0,0,254518
emep_l2.5_188,07/07/19,2.5,0.658,55.1,11.9375907111759,381364,57839,848354,197912,1696094,3606373,593106,0,0,0,0,1569218,270346,1447621,114572,420033,282457,52692,123899,885430,599567,832467,944463,508113,2935642,1084104,2603877,0,428105,0,0,672137,470218,0,358864,358864,208206,147488,815447,394839,457271,112995,404785,318119,463376,362398,467588,207882,193009,187146,12122943,24084,6272737,12669,0,146484,582542,119067,134928,78211,119118,1287567,0,87079,0,770081,0,29838,0,0,0,117000,0,1356716,322140,0,0,0,63310,100011,27241,111952,0,0,0,0,49102,0,0,0,0,0
emep_l2.5_189,07/08/19,2.5,0.663,55.1,12.0261200798116,417808,87888,802504,274649,1975926,4396059,688606,0,143219,0,0,1661855,316678,1408742,149031,653008,279798,61403,135723,872594,562648,1013637,1104870,597573,3380123,1161712,2708553,0,479598,0,0,925014,576582,50163,569181,569181,362484,180216,2135979,522820,527590,77889,520232,375851,584308,412649,426147,261174,219902,188900,21558115,39178,6743084,34899,0,164826,688133,189048,156295,59374,154004,1569130,0,77889,0,951409,0,25568,0,0,0,97274,0,2496390,552097,0,0,0,60942,170677,44001,143710,0,0,0,0,53070,0,0,0,0,0
emep_l2.5_190,07/09/19,2.5,0.688,55.1,12.4795936876472,388048,106017,85106,267787,2456840,5156779,744638,0,0,0,0,1960235,415210,1264694,244877,274006,36066,49738,123516,959878,561345,822021,1097143,686010,3855656,995447,1901233,0,499674,0,0,884602,4622426,78974,491156,491157,373326,176432,1890320,498876,638642,117116,546100,264891,493709,409073,477609,285394,239807,169586,177695010,42050,2396607,51833,0,214475,711034,143460,195672,84923,126074,1513424,0,117686,0,764302,0,28087,0,0,0,68964,0,2869506,452072,0,0,0,58538,117152,44726,126056,0,0,0,0,40058,0,0,0,0,0
emep_l2.5_191,07/10/19,2.5,0.879,55.1,15.9441320515144,447784,122238,795257,363826,2487551,4858297,737991,0,0,0,0,1687669,320124,1490569,205641,393935,293063,45245,122582,901632,836115,972108,1014026,646882,4041759,912966,2116606,0,481418,0,0,1146580,515275,44120,585759,585759,376590,165500,2091679,475389,641309,102999,418696,510979,552870,359918,440653,1038376,690135,167996,10368406,40649,2605684,18686,0,229116,870874,149653,175056,76564,194582,1605354,0,511199,0,1087998,0,22407,0,0,0,49876,0,2869506,435396,0,0,0,54068,80056,45005,1000935,0,0,0,0,40911,0,0,0,0,0
emep_l2.5_192,07/11/19,2.5,0.938,55.1,17.0143297660079,571623,110173,833208,399583,3230976,5833221,863889,0,0,0,0,1654686,488162,1656100,247931,417736,479770,114014,177592,1546082,974200,1639853,1627708,944483,6158352,1709034,4140969,0,682495,0,0,1521339,788935,0,560997,560997,39215,262081,1455775,627591,687400,709799,571430,651102,818076,541299,552684,294616,1013918,383795,9452204,30143,2156485,48709,0,249317,699250,193068,188488,17052,141775,2080292,0,182286,0,1328051,0,20555,0,0,0,144056,0,2393551,548651,0,0,0,60794,165071,63523,142634,0,0,0,0,16276,0,0,0,0,0
emep_l2.5_193,07/12/19,2.5,0.696,55.1,12.6247052421549,356364,195102,785705,573985,1229059,1704731,328562,0,0,0,29160,1838357,237958,1295017,123094,245328,286385,28656,83347,542594,385985,87379,303598,340362,1712129,404636,538294,0,159004,0,0,641019,355074,212035,465718,465718,482625,231873,773806,455234,568881,105528,344606,214328,465539,354039,307413,189872,325758,133310,14888792,42356,3665630,68634,0,149060,717709,118340,80591,103302,117711,1028248,0,105207,0,613430,0,30062,0,0,0,61934,0,4157591,720124,0,0,0,89091,164063,63530,156820,0,0,0,0,44606,0,0,0,0,13084
emep_l2.5_BL7,,2.5,,,,0,0,893880,0,0,0,0,0,26760,0,0,1296789,15076,1401864,50512,17832,0,0,0,0,51915,0,0,0,0,0,0,0,0,0,0,0,0,24525,121792,269543,98171,0,1224165,0,103198,0,0,27592,62966,111388,0,324180,0,0,19020071,0,5713095,77661,0,0,482353,0,40888,0,0,0,0,0,0,0,0,25219,90989,0,0,0,0,490270,232264,0,0,33474,53675,9052,0,86328,0,0,0,0,12441,0,0,0,10734,0
emep_l2.5_214,08/02/19,2.5,1.144,55.1,20.7547169811322,64738,135126,837245,368838,3263182,5722495,898857,0,0,0,27130,1931347,472078,1385347,129639,601119,531862,47309,152488,1310835,873049,969111,979890,546671,5137403,1197702,2137234,0,636595,0,0,1080348,401490,48186,416006,416006,362703,89466,1009287,366452,570777,97635,344515,380729,525010,320403,417590,214602,181539,120238,8817245,23692,1947999,68280,0,163734,40022,97203,206655,108881,154356,1878812,0,97632,0,1187629,0,28309,0,0,0,157323,0,2283120,467368,0,0,0,61516,137447,53443,121290,0,0,0,0,38687,0,0,0,0,0
emep_l2.5_215,08/03/19,2.5,1.208,55.1,21.9118447306366,752888,188408,844575,558432,3785082,6649889,1043186,0,0,0,31952,1585018,468852,1231564,263479,472419,441617,63002,172529,1486059,1011873,1001939,1105426,649616,5987171,1380110,2503356,0,685612,0,0,1340075,723161,102408,488262,488262,460169,205602,1150029,481071,549156,129880,430913,895464,549140,330903,404987,188236,562297,107026,12052178,28264,3344643,75153,0,174116,687012,85533,143233,135462,152775,205970,0,129880,0,1255092,0,30535,0,0,0,159897,0,3388383,558882,0,0,0,76725,157520,81953,149317,0,0,0,0,46753,0,0,0,0,0
emep_l2.5_216,08/04/19,2.5,1.174,55.1,21.2912586144356,740624,156238,842069,469661,4299252,7721963,1143652,0,0,0,0,2002581,620237,1446049,272273,633535,568764,41890,206352,1758922,1082286,1374806,1312365,848381,6567745,1699027,3536340,0,806142,0,0,1456078,817506,99633,452990,452990,460673,211491,1407430,405354,597064,159633,5509549,1047160,672837,410171,557958,261298,271350,154626,12582012,25045,2957431,67196,0,225941,731275,103227,157306,73121,140378,2199361,0,159463,0,1534618,0,25301,0,0,0,156092,0,2885544,430107,0,0,0,72450,186786,71275,115858,0,0,0,0,49652,0,0,0,0,0
emep_l2.5_217,08/05/19,2.5,1.009,55.1,18.3055152394778,522741,351803,856148,695405,3075305,4225134,680458,0,0,0,27445,1571726,413201,1220466,122398,326182,390304,77701,83842,1191437,643966,901646,778930,508947,4649053,1083454,2084473,0,469959,0,0,792868,424347,88925,364258,364258,326529,151003,674228,294979,399152,102504,256321,410575,457462,248029,415693,137109,158180,138580,12859200,20064,2655667,75186,0,134791,611553,82117,84171,88159,130792,1374053,0,102489,0,720791,0,27326,0,0,0,203658,0,2070691,283921,0,0,0,72601,120013,34990,81853,0,0,0,0,45398,0,0,0,0,0
emep_l2.5_218,08/06/19,2.5,1.098,55.1,19.9165608561584,397460,379676,556486,492125,304518,4575101,305685,0,0,0,13682,1532302,317609,1167289,162069,233881,441151,61115,119063,944944,699152,106922,336750,789458,3796968,632669,1071515,0,238222,0,0,1057784,541122,72747,255304,255304,248512,120988,343073,176272,364634,133801,172639,333234,458416,216326,397190,124802,126969,92548,10569025,15293,3731554,77454,0,0,594342,75690,114895,106388,0,944875,0,91952,0,935314,0,30337,0,0,0,154529,0,1221187,205342,0,0,0,61028,107523,50560,109042,0,0,0,0,28583,0,0,0,0,0
emep_l2.5_219,08/07/19,2.5,0.763,55.1,13.8400145111555,421194,236711,869782,51997,1737311,3164433,523228,0,0,0,12702,1704150,325447,1257432,113421,212044,193361,31776,89020,706202,477364,530311,523493,372988,3063312,663078,1235418,0,304708,0,0,538669,301293,0,266636,266636,217315,111493,527346,219099,374238,69261,306056,287583,310244,213985,306896,143949,116524,82138,10259565,35081,3102029,65684,0,111576,575718,64770,111237,85514,103845,984684,0,73443,0,576634,0,27148,0,0,0,64381,0,1311584,230262,0,0,0,60065,89130,23871,94129,0,0,0,0,41037,0,0,0,0,0
emep_l2.5_220,08/08/19,2.5,0.340,55.1,6.16835994194439,275869,27974,805796,142629,663953,1765302,175045,0,0,0,0,1583042,150154,1365489,138042,60456,172625,34098,44838,336074,279456,420721,306867,250228,1214440,376775,914106,0,144562,0,0,244123,202640,61752,466673,466673,344326,148646,470350,218086,484512,85804,379884,264894,271658,149506,207066,79413,92473,69906,14382330,19389,5538814,70293,0,170855,619166,119858,107082,68071,150923,642029,0,85850,0,303358,0,28537,0,0,0,57508,0,1165006,218329,0,0,0,50597,59345,0,32005,0,0,0,0,21352,0,0,0,0,0
emep_l2.5_BL8,,2.5,,,,0,11486,955083,73369,14078,0,0,0,0,0,0,1366994,0,976808,6813,0,0,0,0,0,0,0,0,0,0,0,0,0,0,0,0,0,0,26984,189901,189901,106960,50213,164064,42233,231100,2541,125947,10405,62040,80872,0,39689,16172,13373,11516238,14220,3119958,72959,0,78466,437666,42646,18313,82578,76923,0,0,0,0,0,0,28680,0,0,0,0,0,466405,186851,0,0,0,40500,28029,0,18100,0,0,0,0,16139,0,0,0,0,0
emep_l2.5_336,12/02/19,2.5,0.195,55.1,3.537735849057,153010,47889,904693,930736,124781,85511,24720,0,0,0,0,1619248,24304,1166592,17863,14870,78966,0,0,0,75884,107791,0,36265,53863,0,0,0,0,0,0,63216,0,153934,141489,835663,396165,89782,904792,56347,362860,33953,211843,101903,215854,118530,63333,63360,37110,34016,11015484,80238,3008027,71251,0,210320,402660,15296,0,0,532972,295106,53027,63684,0,97497,15747,32972,51966,0,0,19294,0,3635296,251063,160429,37746,72575,103241,117892,47972,2078508,0,0,0,0,30950,0,0,0,0,0
emep_l2.5_337,12/03/19,2.5,0.219,55.1,3.97242880464398,286705,89299,890844,309957,253915,263126,76933,0,0,0,171177,1838696,71684,1244523,37947,8893,81713,0,0,0,140534,92264,27953,86580,162123,0,0,0,0,0,0,216468,0,209518,185375,1022141,630327,116895,1349813,134238,487177,51127,333458,268287,393260,201663,125598,106840,64948,52651,31464491,45795,10414379,76260,0,199172,590033,24160,0,0,542366,302276,32002,195195,0,238754,21729,27085,70632,0,0,20096,0,4891171,299390,325785,66908,155320,172112,178146,111894,2891255,0,0,0,0,10671,0,0,0,0,0
emep_l2.5_338,12/04/19,2.5,0.283,55.1,5.13332124070356,207158,436324,898881,2517550,206869,182710,83109,0,0,0,0,1939947,64562,1077634,28513,9146,149216,0,0,0,123254,123162,23853,66372,124817,0,0,0,0,0,0,201409,0,97152,126156,942594,381461,89186,935218,91513,354857,57884,237903,174323,350963,134575,133923,84674,54635,47968,11454667,78663,2905379,72176,0,193118,522874,32492,0,0,476099,383578,16773,100334,0,220585,18025,28570,60084,0,0,11189,0,1994735,230444,180599,56046,113252,147812,102241,56563,2409022,0,0,0,0,14238,0,0,0,0,0
emep_l2.5_339,12/05/19,2.5,0.325,55.1,5.89515690186811,521450,125363,751194,1586915,238836,199377,85162,0,0,0,0,2000471,66513,1292211,24003,3427,205790,0,0,0,141454,123375,20608,55373,114954,0,0,0,0,0,0,227026,0,293976,192610,404666,508347,120114,1069403,89236,424986,96462,303599,234909,440225,183343,180803,80296,73819,50294,11770320,116629,5178159,77315,0,199347,558294,58959,0,0,543456,276249,26880,172401,0,244356,12430,31088,74665,0,0,27412,0,7001142,370589,299448,91644,171953,159255,192394,154868,2367926,0,0,0,0,24773,0,0,0,0,0
emep_l2.5_340,12/06/19,2.5,0.327,55.1,5.93143479049516,1819013,249164,774652,2512380,343569,355221,128947,0,0,0,23249,1822049,110220,1119943,9713,17306,311351,0,0,0,130474,143373,55895,93875,166293,0,0,0,0,0,0,332346,0,391879,153026,1116026,393661,152337,1119019,94160,547262,70248,316006,228734,478478,199407,169350,90187,79454,55581,9794127,56798,2129885,68722,0,207713,509497,18503,0,0,605340,285197,34624,241919,0,331660,17541,25739,91190,0,0,10240,0,10018604,4100975,342864,120926,133457,204131,232491,149423,2216839,0,0,0,0,26562,0,0,0,0,0
emep_l2.5_341,12/07/19,2.5,0.487,55.1,8.83366588064565,2720690,476167,834786,3100053,407650,438330,199112,0,224455,0,35512,1829160,132346,1215230,10199,0,486307,0,0,0,203158,233324,62388,103877,194572,0,0,0,0,0,0,318003,0,290306,168006,1182296,539297,133725,1083449,122955,502687,89695,365329,313037,520435,221061,191452,101888,87348,56856,9668728,61706,2055969,77643,0,124291,545144,29361,0,0,542422,655989,39926,234465,0,353338,12732,32987,68623,0,0,8170,0,6157361,297727,261392,105754,153567,176695,178026,146952,2128430,0,0,0,0,17966,0,0,0,0,0
emep_l2.5_342,12/08/19,2.5,0.464,55.1,8.41647016143658,718064,635528,844456,3192762,470569,484014,201728,0,0,0,18299,1939541,162867,1058155,27320,0,402863,0,0,0,255193,280534,65209,143510,249207,0,0,0,0,0,0,456315,0,131289,164924,712892,507227,139772,919026,191035,503359,95553,329627,279363,597283,218183,235491,105202,102312,52341,13384320,92357,3193166,74669,0,133126,515938,45015,0,0,599320,615594,20328,270434,0,441638,18765,37870,56124,0,0,0,0,2516527,241752,242932,102588,118695,199048,162749,135026,1924653,0,0,0,0,27559,0,0,0,0,0
emep_l2.5_BL12,,2.5,,,,126086,34611,849056,179097,34980,24740,20485,0,0,0,0,1201737,14157,1220779,31533,10177,0,0,0,0,31522,0,0,0,0,0,0,0,0,0,0,0,0,35294,95055,578732,0,52638,655304,191035,216902,11777,118387,16378,120271,71941,8701,47989,17508,15789,16431037,62183,6691950,68241,0,175086,557871,15535,0,0,409783,11786,9075,4777,0,24421,21464,34526,56829,0,0,0,0,685063,161723,30622,0,30003,50964,26360,0,2312396,0,0,0,0,27030,0,0,0,0,0
